{
  "version": 1,
  "author": "Anonymous maker",
  "editor": "wokwi",
  "parts": [
    { "type": "wokwi-arduino-uno", "id": "uno", "top": 7.83, "left": 95.46, "attrs": {} },
    {
      "type": "wokwi-pir-motion-sensor",
      "id": "pir1",
      "top": -150.41,
      "left": 56.48,
      "attrs": {}
    },
    { "type": "wokwi-dht22", "id": "dht1", "top": 107.49, "left": -38.83, "attrs": {} },
    {
      "type": "wokwi-led",
      "id": "led1",
      "top": -107.48,
      "left": 246.02,
      "attrs": { "color": "red" }
    },
    {
      "type": "wokwi-buzzer",
      "id": "bz1",
      "top": -168.5,
      "left": 179.86,
      "attrs": { "volume": "0.1" }
    },
    { "type": "wokwi-servo", "id": "servo1", "top": -207.26, "left": 315.29, "attrs": {} },
    {
      "type": "wokwi-resistor",
      "id": "r1",
      "top": -70.51,
      "left": 368.35,
      "attrs": { "value": "1000" }
    }
  ],
  "connections": [
    [ "uno:5V", "pir1:VCC", "red", [ "v5.23", "h-186.34" ] ],
    [ "pir1:GND", "uno:GND.1", "black", [ "v24.47", "h85.54" ] ],
    [ "pir1:OUT", "uno:2", "green", [ "v34.48", "h213.27" ] ],
    [ "dht1:VCC", "uno:5V", "red", [ "v12.51", "h314.11", "v0" ] ],
    [ "dht1:GND", "uno:GND.3", "black", [ "v27.35", "h298.91" ] ],
    [ "dht1:SDA", "uno:3", "green", [ "v-241.66", "h367.07" ] ],
    [ "led1:A", "uno:4", "green", [ "v39.74", "h12.94" ] ],
    [ "led1:C", "r1:1", "green", [ "v7.07", "h87.86" ] ],
    [ "r1:2", "uno:GND.2", "green", [ "v320.14", "h-170.77", "v-4.26" ] ],
    [ "bz1:2", "uno:5", "green", [ "v47.11", "h70.78" ] ],
    [ "bz1:1", "uno:GND.1", "green", [ "v27.22", "h-15.83" ] ],
    [ "servo1:PWM", "uno:6", "green", [ "h0" ] ]
  ],
  "dependencies": {}
}